_id,index,guid,isActive,balance,picture,age,eyeColor,name,gender,company,email,phone,address,about,registered,latitude,longitude,greeting,favoriteFruit
5b5f3bd340cdf6806346b3ef,0,b2af2ad2-c6e1-4e81-94ae-5b4ac185c9df,False,"$3,613.61",http://placehold.it/32x32,29,brown,Myrna Davis,female,MYOPIUM,myrnadavis@myopium.com,+1 (952) 510-2371,"331 Stryker Street, Harold, Nevada, 1732","Ex Lorem laboris veniam sunt in veniam commodo laboris deserunt exercitation aute consequat irure. Ex laborum ea proident cillum incididunt exercitation deserunt reprehenderit. Aute deserunt minim ex do incididunt exercitation laboris ut pariatur ipsum cupidatat do. Ut in anim dolor irure irure consequat magna duis consequat labore. Mollit cillum consequat proident est dolore. Eiusmod nisi nisi non aliqua ea dolore laboris exercitation commodo incididunt irure. Voluptate nostrud magna veniam tempor Lorem consectetur ullamco sit ut occaecat id.
",02/05/2016 10.57.17,-11.069287,79.725586,"Hello, Myrna Davis! You have 2 unread messages.",banana
5b5f3bd36b43daa0d1d62bcb,1,0298584-6a0f-402c-bbeb-f03a3b9e4126,False,"$2,978.35",http://placehold.it/32x32,28,green,Holloway Humphrey,male,GLASSTEP,hollowayhumphrey@glasstep.com,+1 (945) 475-3330,"515 Mersereau Court, Blandburg, Palau, 4788","Excepteur mollit minim enim proident. Ea minim magna ad sit irure ex cillum sint proident qui adipisicing dolore anim sit. Aliquip pariatur ut consectetur dolor.
",13/05/2016 08.29.45,-62.890792,33.629095,"Hello, Holloway Humphrey! You have 1 unread messages.",apple
5b5f3bd33c4a4268052e0e32,2,e4ee6e-995a-4fa1-8e4-539c52045a9,True,"$3,709.53",http://placehold.it/32x32,32,blue,Fran Kane,female,VISUALIX,frankane@visualix.com,+1 (866) 494-2940,"194 Garden Place, Bangor, Hawaii, 7146","Tempor ullamco dolore proident ad eu occaecat eiusmod proident voluptate. Qui proident mollit ut cillum Lorem excepteur ad minim ad enim cillum Lorem veniam pariatur. Duis aute occaecat labore ut deserunt elit ea reprehenderit ex veniam velit. Tempor cillum Lorem aliqua aute aute excepteur. Incididunt ut labore fugiat sit do ut sit incididunt minim id deserunt ea duis. Minim qui in tempor eiusmod. Dolore aliqua labore quis laborum qui nostrud.
",13/02/2016 10.48.39,43.546945,-83.251194,"Hello, Fran Kane! You have 2 unread messages.",apple
5b5f3bd3593657fdccab2f94,3,08f95835-d660-4a90-9c1-435dca0e3ff,False,"$2,646.32",http://placehold.it/32x32,26,brown,Estela Harris,female,ZYTREK,estelaharris@zytrek.com,+1 (909) 559-3071,"171 Nolans Lane, Winesburg, Oklahoma, 6053","Et nulla aute eiusmod fugiat qui. Lorem anim ullamco laboris aliqua culpa incididunt consequat ea quis. Do eu fugiat esse aliqua esse commodo. Voluptate deserunt non nulla voluptate.
",01/08/2016 02.15.58,8.034217,-158.826622,"Hello, Estela Harris! You have 10 unread messages.",strawberry
5b5f3bd308de6173d2f93461,4,28228d9-a9c3-400-9101-c251c08544,False,"$1,091.72",http://placehold.it/32x32,22,brown,Richards Nicholson,male,BIOSPAN,richardsnicholson@biospan.com,+1 (865) 523-3851,"647 Withers Street, Manila, New Hampshire, 1674","Dolore cupidatat mollit elit commodo enim minim veniam laboris enim. Amet cupidatat id laborum do tempor id sunt veniam nostrud veniam incididunt aliquip incididunt. Ipsum veniam consectetur ipsum minim elit eiusmod eiusmod aliqua esse quis cupidatat duis aliqua cupidatat. Eu in laborum enim proident duis sit laboris commodo et exercitation sunt qui irure et.
",12/09/2016 06.31.14,33.164263,12.347101,"Hello, Richards Nicholson! You have 2 unread messages.",apple
5b5f3bd3ce1f1cbac394d99d,5,6923f063-dd32-4c4d-94d-09b45836c102,False,"$2,206.86",http://placehold.it/32x32,34,brown,Jean Cline,female,TECHADE,jeancline@techade.com,+1 (983) 526-3236,"167 Bergen Court, Mapletown, Washington, 4667","Ea cillum dolor do laboris in do mollit deserunt officia aliqua id. Anim velit occaecat sunt occaecat dolore consequat nulla non do voluptate est. Cillum tempor incididunt tempor amet nisi ea duis.
",20/06/2016 10.41.04,84.461666,165.392205,"Hello, Jean Cline! You have 6 unread messages.",apple
5b5f3bd3b3955f894aeb248f,6,bd5894a1-c0d6-435d-95-335f25e116,False,"$3,549.13",http://placehold.it/32x32,22,brown,Hopper Diaz,male,MOREGANIC,hopperdiaz@moreganic.com,+1 (992) 489-3004,"970 Grand Street, Hayes, Mississippi, 2347","Aliquip esse tempor incididunt irure veniam voluptate elit tempor voluptate do. Consequat sit eiusmod eu proident consequat. Elit voluptate pariatur labore sunt sit nostrud sint incididunt. In ullamco sit culpa laborum nulla eiusmod Lorem sunt qui enim id. Exercitation amet velit sunt duis et elit. Occaecat consectetur id ut commodo duis adipisicing elit aliquip dolor id anim esse. Duis qui commodo do incididunt reprehenderit magna consectetur quis excepteur.
",17/05/2016 09.04.05,-83.938223,49.65483,"Hello, Hopper Diaz! You have 8 unread messages.",apple
5b5f3bd3b8bac9ffdd18fa94,7,a40cffa4-5102-4eee-8bbd-b8b5498f54,False,"$3,599.10",http://placehold.it/32x32,30,blue,Morrow Russo,male,ZENSURE,morrowrusso@zensure.com,+1 (942) 508-2034,"404 Moffat Street, Caln, Delaware, 2236","Qui aliquip tempor non excepteur excepteur aute cillum voluptate in reprehenderit deserunt exercitation sit qui. Irure deserunt ad id reprehenderit eu non occaecat incididunt veniam consectetur aliquip. Ea cupidatat anim culpa sunt quis consequat consequat fugiat veniam enim esse. Ipsum magna ipsum veniam sunt adipisicing duis nisi. Aliquip aute mollit nulla ad nulla magna et culpa veniam voluptate. In nostrud cillum ex tempor anim exercitation irure do amet labore eu. Cupidatat ut ipsum dolor voluptate deserunt eiusmod irure.
",14/06/2016 12.50.42,-55.581551,-0.5224,"Hello, Morrow Russo! You have 1 unread messages.",banana
5b5f3bd396f22d8277adb9a4,8,50ad9ad2-a65-4bf5-9b9d-9d25be3c66e0,False,"$2,994.19",http://placehold.it/32x32,32,brown,Gill Casey,male,ROCKLOGIC,gillcasey@rocklogic.com,+1 (908) 582-2369,"166 Olive Street, Munjor, Puerto Rico, 9972","Cupidatat amet proident cupidatat officia ipsum nulla anim ea id cupidatat cupidatat quis esse nulla. Id anim sint exercitation velit. Irure sit veniam id excepteur anim magna non eu est sunt. Dolor pariatur aliqua aliquip elit anim dolor pariatur consectetur nulla laboris do enim.
",21/06/2016 01.50.21,34.154316,145.363239,"Hello, Gill Casey! You have 5 unread messages.",apple
5b5f3bd3fc9920d1a190aca4,9,0d23d5c9-9342-49b8-b0eb-da2b530fed8,False,"$3,767.35",http://placehold.it/32x32,40,brown,Alvarez Everett,male,AVIT,alvarezeverett@avit.com,+1 (891) 403-2947,"615 Pierrepont Street, Mulberry, North Carolina, 1757","Aute velit reprehenderit deserunt voluptate aute. Do amet duis sint eiusmod velit ad consequat. Non ad ea proident proident cupidatat excepteur cupidatat dolore. Fugiat et quis pariatur proident consectetur sint cupidatat sint. Nostrud incididunt incididunt ipsum ullamco velit anim laboris sunt proident excepteur magna anim.
",27/10/2014 05.27.38,64.24,124.958447,"Hello, Alvarez Everett! You have 10 unread messages.",strawberry
5b5f3bd3df956cb58ea4f761,10,edca2cb-b94-4e24-a9d6-1ff4658c0001,True,"$1,438.75",http://placehold.it/32x32,40,brown,Chasity Melendez,female,PODUNK,chasitymelendez@podunk.com,+1 (882) 459-2199,"916 Moore Street, Klondike, Guam, 8613","Ea nisi laboris enim adipisicing labore labore esse tempor. Ipsum elit consectetur sint anim. Occaecat esse ut enim excepteur minim esse consequat esse anim aliquip. Sit fugiat amet amet labore tempor ea in veniam occaecat cupidatat magna minim. Enim est amet veniam cupidatat aliquip officia ullamco consequat ut amet ut. Proident laborum sint id incididunt est amet sit Lorem officia irure proident mollit sunt.
",10/12/2016 10.58.11,42.84521,-68.046628,"Hello, Chasity Melendez! You have 5 unread messages.",banana
5b5f3bd3f11161ee163437ca,11,5660d6fe-ed09-49c8-8558-fe24f8da,False,"$2,034.18",http://placehold.it/32x32,27,green,Olive Oneal,female,SENTIA,oliveoneal@sentia.com,+1 (890) 465-3948,"341 Townsend Street, Madrid, Wisconsin, 7343","Velit nisi eiusmod sit et veniam. Sint aliquip et occaecat id veniam aliquip tempor eiusmod duis mollit quis laboris. Duis reprehenderit ipsum ad aliqua voluptate culpa elit. Id ea magna enim sunt tempor proident velit laboris nostrud. Velit voluptate aliquip labore aliquip ea ullamco fugiat anim eiusmod irure aute occaecat esse. Dolore aliquip in commodo Lorem anim pariatur et nisi occaecat laboris reprehenderit ut irure.
",17/06/2014 03.35.08,38.429224,-159.260608,"Hello, Olive Oneal! You have 2 unread messages.",banana
5b5f3bd3dca9937257804517,12,2af3ddf9-2d2d-424b-bff5-0a19b2955950,True,"$2,110.20",http://placehold.it/32x32,26,green,Juliana Brennan,female,STREZZO,julianabrennan@strezzo.com,+1 (908) 434-2615,"829 Bokee Court, Bradenville, Indiana, 9108","Consectetur ad ea incididunt laboris nostrud aliqua et deserunt. Minim dolore veniam consectetur mollit aute eu non fugiat veniam ullamco mollit deserunt. Minim magna exercitation nisi proident irure. Ut voluptate qui amet ex deserunt ut laboris voluptate cupidatat do est cupidatat.
",06/10/2015 08.16.41,56.452812,160.787069,"Hello, Juliana Brennan! You have 4 unread messages.",banana
5b5f3bd35e59b2f3c83c9868,13,e458151e-341a-4455-af20-f82cbfc6f26a,True,"$3,066.97",http://placehold.it/32x32,31,blue,Lloyd Allison,male,KLUGGER,lloydallison@klugger.com,+1 (801) 590-3288,"632 Dinsmore Place, Dahlen, Vermont, 9286","Eu et est mollit officia aliqua. Id culpa id et aliqua voluptate eiusmod dolor consequat. Exercitation excepteur irure esse mollit duis cillum esse amet commodo. Mollit consectetur ex incididunt proident proident commodo id et in commodo officia. Nostrud esse irure nulla aute. Culpa culpa aute labore ullamco ullamco anim magna. Commodo voluptate elit est enim ad ullamco.
",16/05/2014 02.35.00,-50.411488,50.60853,"Hello, Lloyd Allison! You have 10 unread messages.",strawberry
5b5f3bd3a72869359ace8a2a,14,e0eed489-fdde-4a91-99f-5b2d5f185eed,False,"$2,508.31",http://placehold.it/32x32,22,brown,Tanner Bender,male,KINDALOO,tannerbender@kindaloo.com,+1 (809) 544-3864,"124 Empire Boulevard, Leland, Texas, 5202","Labore laborum ex id cupidatat esse. Sit ad non deserunt incididunt ex deserunt. Eu amet excepteur est sit dolor. Ex proident incididunt cillum qui voluptate qui labore. Occaecat quis cupidatat sunt duis nulla culpa labore incididunt eiusmod reprehenderit. Do ut reprehenderit aute occaecat culpa laborum duis dolore labore veniam. Ullamco veniam duis sunt exercitation ipsum veniam.
",21/11/2014 04.47.26,-15.6959,-170.274456,"Hello, Tanner Bender! You have 8 unread messages.",strawberry
5b5f3bd3830cdb5d79f3a999,15,11481a3-f34d-4ca3-834f-c52ab0a3ad34,True,"$3,112.68",http://placehold.it/32x32,38,green,Fernandez Jarvis,male,EXTRO,fernandezjarvis@extro.com,+1 (961) 511-2925,"355 Seigel Street, Beechmont, Alabama, 8614","Proident dolor aliqua laborum deserunt ex do cillum commodo labore fugiat aliquip sunt. Aute mollit elit pariatur do enim laboris dolor labore adipisicing. Deserunt qui culpa enim consectetur amet adipisicing laborum duis ut fugiat irure duis. Nisi aliquip commodo minim in sit aute in ut.
",04/03/2017 04.52.00,67.993827,30.333066,"Hello, Fernandez Jarvis! You have 9 unread messages.",apple
5b5f3bd384d91a3beca8b452,16,a3f502f-4a53-4b05-bda4-4634c11c165,True,"$2,496.16",http://placehold.it/32x32,29,brown,Bender Booth,male,COMVERGES,benderbooth@comverges.com,+1 (964) 515-2997,"106 Orange Street, Nanafalia, Louisiana, 1678","Irure qui officia exercitation deserunt est aliqua nisi. Proident quis nulla veniam ut officia ex ullamco aliquip. Sunt veniam eu aliqua dolor esse qui pariatur Lorem aute ullamco ullamco proident non consectetur.
",14/07/2015 06.24.03,-11.167346,55.021741,"Hello, Bender Booth! You have 1 unread messages.",strawberry
5b5f3bd33db664bdc82df1a4,17,85d99166-9b05-4bae-90d2-05c59833b4fe,False,"$1,376.78",http://placehold.it/32x32,30,green,Linda Cummings,female,RODEOCEAN,lindacummings@rodeocean.com,+1 (804) 408-3988,"135 Vermont Court, Fedora, Virgin Islands, 4152","Magna voluptate magna Lorem ea. Aliqua dolore eiusmod ut consequat ad occaecat labore eu est nisi sit mollit. Minim ipsum nostrud nostrud ut sunt velit ipsum est ea pariatur aliquip.
",25/11/2017 12.59.40,78.399848,-7.118202,"Hello, Linda Cummings! You have 5 unread messages.",apple
5b5f3bd34eaae47e07647219,18,9d5e4e84-9805-4101-9696-dfd0b5813a,True,"$1,787.39",http://placehold.it/32x32,38,green,Stephanie Hahn,female,NETAGY,stephaniehahn@netagy.com,+1 (997) 494-3932,"344 Vandervoort Place, Forbestown, Missouri, 4002","Quis aute commodo consequat ea aliquip anim aliqua voluptate sint officia mollit quis ad. In laborum nulla ipsum nostrud veniam voluptate id sit dolor. Nisi id velit pariatur deserunt labore culpa ullamco excepteur sunt ea quis mollit voluptate mollit. Consequat et ut excepteur dolor velit est ullamco velit exercitation elit anim. Nostrud aute proident occaecat ipsum laboris sint excepteur amet veniam. Occaecat minim consectetur est voluptate qui et in laboris enim nostrud. Consequat aliqua adipisicing amet ipsum nulla nostrud ut ipsum sint nostrud.
",07/11/2017 04.28.06,-33.517825,-45.434909,"Hello, Stephanie Hahn! You have 2 unread messages.",strawberry
5b5f3bd362fe3f318c05321d,19,fc942329-c8c9-4a1f-9f1f-b0dd4c4b9bbf,False,"$2,890.63",http://placehold.it/32x32,40,brown,Nolan Torres,male,INEAR,nolantorres@inear.com,+1 (888) 448-3103,"867 Hope Street, Stagecoach, Rhode Island, 4982","Nisi occaecat magna duis ut et ullamco anim esse occaecat cupidatat sint excepteur ullamco labore. Laboris laboris ipsum nostrud dolor in quis mollit. Amet in officia velit pariatur in.
",24/06/2014 02.13.25,-4.665919,119.189936,"Hello, Nolan Torres! You have 4 unread messages.",apple
5b5f3bd3c1cc61489ab96677,20,81b651-9f6e-411a-8f9-196e9b25e2,True,"$3,557.94",http://placehold.it/32x32,23,green,Nancy Webb,female,ZOLAREX,nancywebb@zolarex.com,+1 (819) 490-3951,"194 Kiely Place, Foscoe, Pennsylvania, 770","Aute fugiat esse duis occaecat eiusmod eiusmod pariatur nulla est exercitation nisi laboris et. Lorem consequat qui voluptate in. Nisi adipisicing nisi sit magna nisi consequat anim esse cupidatat ullamco in ea laboris ex. Pariatur mollit ullamco minim in dolor ea. Aute do enim veniam laboris culpa excepteur. Eiusmod voluptate est laboris anim ipsum duis non veniam consectetur.
",19/05/2016 04.12.17,22.866034,-11.375139,"Hello, Nancy Webb! You have 5 unread messages.",apple
5b5f3bd3e2bd248136847130,21,08a41214-2dc6-42a4-aa9e-30dbd459f95,True,"$1,947.35",http://placehold.it/32x32,28,green,Fanny Fox,female,PROXSOFT,fannyfox@proxsoft.com,+1 (906) 425-2083,"357 Story Street, Tivoli, Connecticut, 2831","Aliqua ut commodo aliqua minim exercitation deserunt qui reprehenderit veniam eu dolor. Dolor laborum cillum reprehenderit ea excepteur ullamco cupidatat elit veniam. Ex do officia nulla eiusmod. Cillum officia magna exercitation consequat pariatur consequat elit ad.
",15/04/2015 09.00.49,-69.39981,0.22677,"Hello, Fanny Fox! You have 3 unread messages.",strawberry
5b5f3bd32578d00b28ab9afe,22,f428f5d-f01-4854-9135-205a43698ad9,False,"$3,481.30",http://placehold.it/32x32,34,brown,Ingrid Mcdaniel,female,CALCULA,ingridmcdaniel@calcula.com,+1 (842) 430-3145,"236 Eastern Parkway, Greensburg, Illinois, 8783","Adipisicing laborum aliqua et labore nulla eu adipisicing adipisicing veniam ipsum ullamco irure. Ea incididunt duis ipsum nisi duis minim elit laborum duis. Nulla fugiat enim excepteur occaecat aute qui adipisicing elit culpa elit minim. Tempor minim et eiusmod eiusmod minim enim enim culpa. Non minim culpa fugiat nostrud pariatur pariatur commodo eiusmod dolor anim officia sint quis. Ullamco reprehenderit duis consectetur sunt enim. Commodo laborum et esse ea anim adipisicing aute sint ad.
",03/09/2015 04.42.46,83.658313,-174.401452,"Hello, Ingrid Mcdaniel! You have 1 unread messages.",banana
5b5f3bd37f612079c35036a4,23,460089f2-9196-4a45-94a9-9ad0623143c,True,"$3,130.10",http://placehold.it/32x32,34,brown,Kathrine Blanchard,female,ZANITY,kathrineblanchard@zanity.com,+1 (877) 457-2951,"396 Havemeyer Street, Hessville, Federated States Of Micronesia, 5375","Adipisicing eu in eiusmod consequat mollit elit ut sunt. Minim esse quis adipisicing aute Lorem officia non. Enim dolore aute in irure exercitation tempor do pariatur aliqua. Minim voluptate incididunt do proident. Commodo officia labore ad et ad aliqua ex magna non magna quis sint minim. Nulla Lorem minim exercitation ipsum sunt duis dolor occaecat. Non commodo consectetur ullamco reprehenderit nisi fugiat dolore excepteur et et sit tempor magna.
",09/06/2015 08.01.11,-7.40581,-117.861042,"Hello, Kathrine Blanchard! You have 10 unread messages.",strawberry
5b5f3bd3ebc3b2d0454716ef,24,da842c53-94d6-4b9e-a6fe-ffd12024696,False,"$1,723.44",http://placehold.it/32x32,22,blue,Wanda Mathis,female,BIZMATIC,wandamathis@bizmatic.com,+1 (844) 517-2255,"717 Bijou Avenue, Kapowsin, Wyoming, 5781","Officia culpa aliqua eiusmod et ex non amet. Elit qui incididunt ullamco aliquip amet id deserunt consectetur laborum id irure ullamco voluptate. Occaecat in ut cupidatat cupidatat ad veniam voluptate dolore est officia non. In ullamco Lorem culpa mollit Lorem culpa Lorem proident eu ut nulla esse exercitation.
",22/01/2015 05.13.36,-3.355966,17.730929,"Hello, Wanda Mathis! You have 3 unread messages.",apple
5b5f3bd3b856ceeec5723a3d,25,5d1c0e61-468-45b6-8189-9fd990ac6d9,False,"$2,803.50",http://placehold.it/32x32,39,brown,Winters Beasley,male,KANGLE,wintersbeasley@kangle.com,+1 (895) 596-3635,"551 Monroe Place, Floriston, Kentucky, 3209","Amet duis deserunt cupidatat quis voluptate cillum ex voluptate ipsum. Nulla veniam minim elit elit non. Adipisicing qui nulla magna nisi incididunt magna officia deserunt exercitation ullamco minim veniam occaecat.
",14/03/2014 11.09.46,17.087696,-73.944323,"Hello, Winters Beasley! You have 10 unread messages.",strawberry
5b5f3bd3b2376ae8f233856b,26,bffabc5b-c629-4ac0-9c92-acf9065a4,True,"$2,628.79",http://placehold.it/32x32,35,brown,Muriel Osborne,female,ZBOO,murielosborne@zboo.com,+1 (982) 409-2203,"899 Independence Avenue, Nipinnawasee, Nebraska, 3779","Esse enim Lorem duis minim labore magna aliquip ea minim do aute. Labore nostrud excepteur sit tempor dolor duis fugiat adipisicing esse. Adipisicing elit laboris adipisicing nostrud nisi est tempor esse quis officia excepteur tempor. Labore eiusmod officia aliqua occaecat in sunt. Anim consequat adipisicing cupidatat non velit cillum exercitation adipisicing sint.
",17/04/2016 07.25.34,39.895233,-136.774743,"Hello, Muriel Osborne! You have 1 unread messages.",banana
5b5f3bd3376bc6ff9e841179,27,adce1e38-6989-421-99d2-4bfc29a2c892,False,"$2,039.31",http://placehold.it/32x32,29,green,Rowe Ingram,male,CODACT,roweingram@codact.com,+1 (905) 544-2764,"600 Fulton Street, Terlingua, Tennessee, 4238","Nostrud culpa Lorem enim laboris incididunt labore fugiat minim do. Dolor consequat do et culpa duis aliquip eu anim ea sit eiusmod fugiat anim. Adipisicing cillum incididunt laboris ullamco anim laboris cupidatat amet esse. Officia labore velit ea do fugiat nulla officia ullamco laboris mollit ut. Do consectetur fugiat sit magna deserunt amet mollit quis ut. Nulla exercitation labore irure ut ex duis commodo cillum cupidatat consectetur deserunt commodo consectetur aliqua.
",31/03/2014 09.22.37,64.518436,-128.906429,"Hello, Rowe Ingram! You have 2 unread messages.",banana
5b5f3bd33332a0671e9b54c5,28,64fa233b-218b-4d10-b82e-9cd4f641c533,True,"$2,165.19",http://placehold.it/32x32,26,green,Montgomery Schultz,male,WATERBABY,montgomeryschultz@waterbaby.com,+1 (833) 591-2131,"193 Madison Place, Bison, Kansas, 9168","Eu eu sint exercitation ea. In qui sit consectetur nostrud tempor culpa. Quis id adipisicing adipisicing ea laborum. Nisi sit velit laboris laboris reprehenderit sunt excepteur nostrud et do fugiat laborum et adipisicing.
",14/08/2015 12.35.02,-56.456081,-31.980087,"Hello, Montgomery Schultz! You have 2 unread messages.",apple
5b5f3bd3bb47256aeeebe1fb,29,feedd0-8a84-4b0c-8abe-9ed95baccec,True,"$3,453.46",http://placehold.it/32x32,21,green,Reilly Lara,male,PHOLIO,reillylara@pholio.com,+1 (964) 597-2408,"552 Lewis Avenue, Enlow, Virginia, 6383","Magna enim eu anim consequat quis anim incididunt culpa fugiat sit magna. Ullamco consequat excepteur elit ullamco elit aliquip velit elit dolore. Anim exercitation dolore ut aliqua quis occaecat. In esse reprehenderit aliquip do reprehenderit. Aute non anim culpa reprehenderit est magna dolore Lorem cillum non quis incididunt commodo fugiat. Anim laboris ea labore enim esse aliquip eiusmod culpa. Mollit fugiat elit est dolore esse laborum sit sit.
",08/08/2017 08.21.55,-0.257711,121.80419,"Hello, Reilly Lara! You have 7 unread messages.",apple
5b5f3bd3842b4ba587970885,30,594e3e39-e5fb-40fc-815e-61690be8b641,False,"$2,772.48",http://placehold.it/32x32,26,green,Webster Ratliff,male,COMBOT,websterratliff@combot.com,+1 (896) 441-2284,"120 Erasmus Street, Defiance, New York, 5666","Ea duis minim veniam nisi esse. Sunt deserunt ad exercitation aliqua. Ut eu dolore labore ex est occaecat. Sint culpa in id eu eiusmod dolor non.
",03/06/2015 11.53.54,7.238297,-32.979815,"Hello, Webster Ratliff! You have 3 unread messages.",strawberry
5b5f3bd3fc48dcb04d7196b9,31,a16eb1b-be30-44ba-a12b-00fc35e4df9a,False,"$2,590.87",http://placehold.it/32x32,22,green,Wilkins Mccoy,male,PULZE,wilkinsmccoy@pulze.com,+1 (968) 479-2260,"353 Hinckley Place, Ebro, South Carolina, 3253","Exercitation aliqua amet commodo nisi exercitation amet laboris cupidatat sunt fugiat occaecat anim cillum incididunt. Nulla voluptate sunt ullamco aute veniam irure ullamco sit velit. Labore reprehenderit magna sit duis eiusmod magna adipisicing laboris. Cillum cillum duis nostrud non.
",11/07/2018 12.50.05,-82.266042,-0.373938,"Hello, Wilkins Mccoy! You have 2 unread messages.",strawberry
5b5f3bd39fed1d7f3dbfc51f,32,99962cd-85f-4643-a602-5b836e9a129,False,"$1,525.17",http://placehold.it/32x32,25,blue,Stone Moreno,male,COMTOUR,stonemoreno@comtour.com,+1 (910) 464-2212,"940 Utica Avenue, Camptown, New Mexico, 3905","Eiusmod dolore nulla velit anim tempor minim voluptate. Sit officia elit nisi exercitation laborum consequat elit pariatur pariatur excepteur in ex. Eu ut ea mollit commodo duis consequat sunt. Ut elit aliqua eu duis mollit pariatur aliquip velit fugiat irure nostrud consequat culpa elit. Duis consectetur veniam ea laboris eiusmod sit culpa consequat ex anim ut sit.
",22/11/2015 04.13.46,23.954533,71.756002,"Hello, Stone Moreno! You have 4 unread messages.",banana
5b5f3bd3b943a21f26ba27a2,33,bbd12843-6a1a-4f9-93db-a6da1d89daaa,False,"$3,245.44",http://placehold.it/32x32,35,brown,Kirk Solomon,male,UPDAT,kirksolomon@updat.com,+1 (976) 550-3025,"554 Garnet Street, Ernstville, Florida, 2849","Commodo ex dolore amet enim deserunt occaecat culpa fugiat eu minim ea. Eu anim ut cupidatat proident consectetur do. Irure nostrud fugiat minim deserunt enim et dolore ut ad laborum. Enim ex elit dolore et ullamco mollit laborum pariatur cillum.
",27/03/2014 08.51.42,-23.821883,10.810277,"Hello, Kirk Solomon! You have 1 unread messages.",apple
5b5f3bd36ab6929d7cebfa72,34,32f6ff6c-8e59-46fc-9569-cf85b5dfb25f,True,"$1,186.80",http://placehold.it/32x32,37,blue,Amber Koch,female,ANDERSHUN,amberkoch@andershun.com,+1 (970) 476-2770,"519 Stoddard Place, Keyport, Minnesota, 1145","Labore aliquip cupidatat amet incididunt. Ipsum amet duis ex cupidatat elit laboris laboris ad dolore cillum Lorem amet. Et enim consectetur sunt cupidatat occaecat eu ut irure non Lorem reprehenderit exercitation.
",06/03/2018 07.36.05,62.498844,-73.803319,"Hello, Amber Koch! You have 5 unread messages.",apple
5b5f3bd359b2fab29d75b02c,35,a30c2bf4-2ae1-45ae-be3f-82eafefdd20a,False,"$1,960.49",http://placehold.it/32x32,39,green,Pearson Harding,male,MUSAPHICS,pearsonharding@musaphics.com,+1 (987) 474-3220,"449 Gelston Avenue, Enoree, Maryland, 2585","Consectetur tempor ullamco quis adipisicing ea labore culpa ea ullamco qui ea incididunt. Nostrud Lorem ea anim officia proident pariatur proident fugiat occaecat. Est nulla deserunt do irure adipisicing cillum cupidatat pariatur qui minim cillum id est. Labore Lorem aute cupidatat velit eiusmod mollit laborum elit nostrud. Aliquip magna cupidatat veniam reprehenderit occaecat laboris cupidatat cillum cillum sint duis reprehenderit anim. Sint eiusmod deserunt aliqua ea nisi. Proident fugiat exercitation nulla pariatur ea officia sunt eu velit qui laboris ullamco.
",28/01/2018 03.16.43,83.220109,33.913009,"Hello, Pearson Harding! You have 6 unread messages.",strawberry
5b5f3bd34c8db076cb6ea627,36,a03c60bd-8c4-4506-9e96-dfbab8b9f0ce,True,"$2,887.71",http://placehold.it/32x32,37,green,Ada Sloan,female,SYBIXTEX,adasloan@sybixtex.com,+1 (968) 486-2621,"160 Oceanview Avenue, Ellerslie, Maine, 4113","Ea irure ex ullamco culpa deserunt occaecat ad. Culpa consequat aliqua esse cillum occaecat culpa do ea ea cupidatat nostrud incididunt quis labore. Sit consectetur laboris aliquip pariatur pariatur cillum id proident.
",31/03/2018 12.27.43,66.904855,20.473991,"Hello, Ada Sloan! You have 8 unread messages.",apple
5b5f3bd379a30aa195b222c0,37,e0b8829-381-44be-960-c019a8b9c0ae,False,"$3,643.86",http://placehold.it/32x32,28,green,Velasquez Cole,male,COLUMELLA,velasquezcole@columella.com,+1 (809) 403-2248,"614 Stockton Street, Sanborn, Massachusetts, 6548","Sunt excepteur do deserunt ipsum fugiat Lorem dolore sint aliqua sunt ad duis. Aute consequat ut est ipsum labore in Lorem aute Lorem reprehenderit. Cupidatat quis officia excepteur duis velit voluptate sint. Laborum minim deserunt et cillum qui sint ipsum sint veniam mollit.
",25/05/2017 06.57.51,21.202193,-167.319361,"Hello, Velasquez Cole! You have 5 unread messages.",apple
5b5f3bd3651a807d9abdef63,38,5d9459a-983-4221-a382-fb6a9bba5da,False,"$3,774.39",http://placehold.it/32x32,39,green,Carla Weeks,female,COMBOGEN,carlaweeks@combogen.com,+1 (888) 503-3497,"140 Shale Street, Torboy, Northern Mariana Islands, 6509","Dolore anim fugiat ipsum occaecat. Consectetur laborum occaecat aliqua aute qui fugiat ex cupidatat quis commodo ea in qui. Nulla ullamco id aliquip proident exercitation nulla veniam culpa. Anim dolore anim Lorem sit enim aliqua qui aliquip excepteur in tempor sunt ullamco voluptate.
",11/12/2016 09.11.21,-68.230887,-123.666714,"Hello, Carla Weeks! You have 10 unread messages.",apple
5b5f3bd3267d6814640abd6e,39,d2b202-326b-42f6-adb4-8bca0226105,True,"$1,512.31",http://placehold.it/32x32,31,brown,Tamera Shaffer,female,FRANSCENE,tamerashaffer@franscene.com,+1 (900) 493-3069,"819 Albemarle Road, Bendon, Idaho, 1161","Culpa sunt magna exercitation ut nisi nulla adipisicing do pariatur eiusmod magna laboris. Proident ullamco ea qui enim non exercitation qui cillum ipsum ullamco duis magna. Qui nulla proident eu amet proident dolore adipisicing tempor. Ad consequat excepteur anim consectetur magna culpa fugiat non ad commodo culpa Lorem. Laborum commodo non incididunt enim nostrud adipisicing aute enim duis minim laboris et. Eiusmod aute enim est id culpa pariatur aliqua velit qui ullamco deserunt reprehenderit ex.
",12/12/2015 02.24.06,50.372383,153.143469,"Hello, Tamera Shaffer! You have 7 unread messages.",apple
5b5f3bd300fd90b242891b7a,40,e9c81845-a8fc-4b8-8242-9924260029ba,True,"$1,498.01",http://placehold.it/32x32,36,brown,May Rasmussen,male,ZENSOR,mayrasmussen@zensor.com,+1 (939) 401-2762,"231 Ebony Court, Barrelville, Ohio, 9231","Sit occaecat enim officia cupidatat fugiat excepteur elit qui aliqua deserunt. Quis eu voluptate id magna sunt nostrud minim adipisicing nisi. Exercitation ad non adipisicing in ex culpa incididunt laborum sit ullamco cupidatat ea laborum consequat. Aliquip non elit Lorem eu aute eu et est. Officia qui id sit ea est sint minim pariatur adipisicing eu aliquip. Commodo sit nostrud id et duis.
",13/10/2016 02.42.14,-25.028212,100.392244,"Hello, May Rasmussen! You have 8 unread messages.",apple
5b5f3bd331981d4d3b764e3e,41,ef0630d-f3f-43b9-86b5-d914016fd851,False,"$1,541.24",http://placehold.it/32x32,31,blue,Hannah Fletcher,female,PASTURIA,hannahfletcher@pasturia.com,+1 (945) 525-2409,"907 Noel Avenue, Ona, South Dakota, 6674","Voluptate eu commodo eu ut id velit Lorem voluptate incididunt do sit labore laborum anim. Ut voluptate officia eu sunt amet nulla voluptate sint Lorem cillum aute. Officia ut minim id dolor velit aute non. Ut minim exercitation cupidatat officia do aute non ad.
",03/07/2018 01.30.21,12.303173,-123.165258,"Hello, Hannah Fletcher! You have 8 unread messages.",apple
5b5f3bd336c012a63598cf27,42,124e1f4-e528-4564-919-15e63205669f,False,"$2,139.34",http://placehold.it/32x32,29,green,Marie Weaver,female,SKYPLEX,marieweaver@skyplex.com,+1 (897) 550-2158,"993 Columbia Place, Elizaville, Oregon, 2044","Veniam magna duis Lorem elit ea sit. Ea fugiat ipsum incididunt ut sint mollit ipsum laborum ipsum. Ut labore magna do duis enim in esse cupidatat. Adipisicing laboris proident mollit dolor commodo non consequat.
",15/02/2018 02.00.02,-31.118918,169.291645,"Hello, Marie Weaver! You have 7 unread messages.",banana
5b5f3bd385094e817b92882b,43,198c0cc9-cfc-40a5-823-b92b6e8993d,False,"$2,253.77",http://placehold.it/32x32,32,brown,Leigh Guzman,female,UNISURE,leighguzman@unisure.com,+1 (978) 434-2056,"489 Calyer Street, Dargan, Georgia, 171","Duis ea laboris eu minim. In nulla culpa id pariatur consectetur et velit pariatur ex sint ea Lorem cillum. Eiusmod proident pariatur mollit in id commodo laboris. Ullamco irure deserunt exercitation mollit cillum in velit.
",04/03/2017 02.54.38,7.902325,10.690565,"Hello, Leigh Guzman! You have 2 unread messages.",strawberry
5b5f3bd3f7b636d901561fc7,44,90181eb5-cd4d-454d-b8b3-cd3d13cca966,False,"$1,236.59",http://placehold.it/32x32,32,green,Odom Clay,male,DATAGEN,odomclay@datagen.com,+1 (869) 532-3986,"352 Cedar Street, Durham, Michigan, 4973","Cupidatat reprehenderit officia minim nulla enim exercitation velit nulla ad officia ut. Ipsum nulla aliquip sit commodo. Aliqua culpa laboris deserunt reprehenderit sint eu dolor officia incididunt. Enim adipisicing eu non officia laborum minim voluptate exercitation pariatur occaecat sit consectetur aliquip irure. Dolor enim incididunt commodo aliquip.
",30/04/2015 03.20.35,11.037858,102.127949,"Hello, Odom Clay! You have 7 unread messages.",apple
5b5f3bd35a49bee9f5213b7d,45,29ef33e4-f96-48e-b82d-22a0e5b68004,True,"$2,821.14",http://placehold.it/32x32,25,brown,Anthony Battle,male,MARVANE,anthonybattle@marvane.com,+1 (983) 430-2059,"237 Lake Avenue, Emerald, District Of Columbia, 4995","Laboris velit culpa laboris excepteur irure ullamco duis non ut deserunt anim. Ut exercitation officia nisi dolor excepteur Lorem aliqua ut elit magna pariatur duis. Labore est et occaecat elit et laboris minim aliqua exercitation aute laborum nulla eu sit. Dolore sunt duis laboris est occaecat ex do culpa. Consectetur et veniam nulla ex in laborum cillum nostrud ut dolor nulla.
",28/01/2016 08.35.33,0.905929,175.64276,"Hello, Anthony Battle! You have 1 unread messages.",apple
5b5f3bd393375e41da5159b0,46,0c2b2b56-d0a-4e33-b03e-dff905ae4,True,"$3,757.45",http://placehold.it/32x32,23,brown,Raymond Vinson,male,SYNTAC,raymondvinson@syntac.com,+1 (823) 516-2053,"362 Congress Street, Sattley, Colorado, 6787","Reprehenderit fugiat aute minim ullamco velit in esse ullamco esse commodo. Qui aliquip in fugiat reprehenderit aute quis mollit sint. Magna nisi exercitation cupidatat veniam proident officia commodo aliqua. Esse sint nisi dolore magna duis aliquip duis reprehenderit ad non esse sunt. Enim nostrud aute ipsum irure esse culpa labore occaecat deserunt aliqua. Dolor commodo consectetur consectetur proident velit elit veniam exercitation quis consectetur pariatur velit ipsum.
",05/10/2017 11.26.16,-11.844592,43.088607,"Hello, Raymond Vinson! You have 4 unread messages.",apple
5b5f3bd3ae38c573eb7a6ffa,47,e2d546e1-a122-41b-89ac-23183bbadec,True,"$2,334.24",http://placehold.it/32x32,39,blue,Lou Stein,female,KOOGLE,loustein@koogle.com,+1 (832) 499-3210,"453 Aurelia Court, Warren, Iowa, 6317","Incididunt ex in enim non dolore consequat officia anim sunt. Culpa et deserunt id quis dolor. Qui eu adipisicing proident proident commodo exercitation esse esse cillum anim labore ea qui. Excepteur do dolore mollit et sit. Exercitation est consequat eu dolore est officia adipisicing duis culpa deserunt cupidatat excepteur occaecat dolore. Minim aliquip cupidatat tempor incididunt irure velit enim Lorem ex.
",22/01/2015 07.11.07,-48.800283,25.839815,"Hello, Lou Stein! You have 3 unread messages.",apple
5b5f3bd346e4c05efdc3938a,48,24e8a18f-4d2-4d06-9542-411d1132dbe,False,"$2,387.20",http://placehold.it/32x32,24,brown,Hardy Macdonald,male,CINCYR,hardymacdonald@cincyr.com,+1 (898) 549-2183,"352 Tabor Court, Garnet, American Samoa, 3824","Do deserunt minim irure eu est labore consequat eu veniam cillum tempor cillum ea quis. Labore ea irure in reprehenderit. Et veniam ut esse culpa commodo minim non. Nulla adipisicing aliqua qui ex. Id ipsum adipisicing esse eu et nostrud.
",15/07/2018 05.58.48,-70.015011,-172.093676,"Hello, Hardy Macdonald! You have 6 unread messages.",strawberry
5b5f3bd38cf80a73beec4556,49,aa6be59f-ab14-4139-9c48-5501f8feb3,True,"$3,981.20",http://placehold.it/32x32,25,green,Calhoun Garcia,male,ZAGGLES,calhoungarcia@zaggles.com,+1 (858) 446-2526,"855 Hunts Lane, Coventry, Utah, 2881","Voluptate dolor quis velit qui nulla ut est dolore mollit nisi do consectetur sit. Do Lorem tempor in fugiat quis mollit. Fugiat in adipisicing anim nulla eiusmod pariatur ex officia enim ad nostrud minim elit. Sunt exercitation sit ut labore deserunt irure.
",12/02/2016 09.55.26,57.892078,56.483142,"Hello, Calhoun Garcia! You have 2 unread messages.",apple
5b5f3bd337b95694f983f198,50,39c6495a-1d-4d3-8b4f-39fcba0fb4,False,"$3,822.07",http://placehold.it/32x32,32,blue,Everett Navarro,male,DATAGENE,everettnavarro@datagene.com,+1 (913) 502-2636,"676 Russell Street, Chamizal, Alaska, 9066","Nulla dolore ullamco duis elit aliquip laborum cillum aliqua adipisicing sit minim. Magna nulla incididunt ex dolor occaecat esse sit fugiat adipisicing mollit sint nulla consequat mollit. Laboris esse quis eiusmod adipisicing enim reprehenderit. Aliquip Lorem enim sint consectetur. Proident exercitation cillum sint nostrud nulla amet proident.
",12/02/2016 02.52.34,60.467534,60.206139,"Hello, Everett Navarro! You have 9 unread messages.",banana
5b5f3bd3004fe08aba5a293e,51,c32eb06e-c49e-44d4-bcd2-ed398445f6,True,"$1,984.82",http://placehold.it/32x32,28,brown,Fulton Romero,male,HIVEDOM,fultonromero@hivedom.com,+1 (994) 565-3570,"648 Hendrickson Street, Orick, Arkansas, 2510","Sunt anim aliquip nulla magna sint commodo ullamco ullamco labore laboris cupidatat. Magna nisi tempor ad nostrud. Ullamco ex ut cillum ipsum nisi et eiusmod nostrud sunt voluptate sunt irure ullamco consectetur. Eu exercitation mollit consectetur eu veniam adipisicing voluptate anim cupidatat Lorem cupidatat amet aliqua ipsum. Duis sit nostrud eiusmod tempor esse esse aliqua ut id id irure veniam magna. In laboris culpa quis in dolor id pariatur ex mollit nisi aute officia.
",20/03/2015 02.27.23,17.342862,99.295981,"Hello, Fulton Romero! You have 9 unread messages.",strawberry
5b5f3bd325b4fae70f3aa553,52,d8899290-95fd-403b-a98c-1ac125c11aed,False,"$3,572.17",http://placehold.it/32x32,35,blue,Francis Charles,female,VOLAX,francischarles@volax.com,+1 (803) 550-2821,"593 Varick Street, Turpin, West Virginia, 4602","Eiusmod labore veniam adipisicing nulla sunt. Id eu occaecat est do incididunt labore ullamco aute eiusmod. Ipsum voluptate quis cillum dolor amet irure non sunt velit sunt velit enim aute minim.
",14/07/2015 10.45.22,46.11905,-169.136295,"Hello, Francis Charles! You have 5 unread messages.",strawberry
5b5f3bd3735ab6d99aa03ae6,53,8596302-f14b-4334-96c-ac9823fe60d,True,"$1,964.87",http://placehold.it/32x32,26,brown,Suzanne Barry,female,CRUSTATIA,suzannebarry@crustatia.com,+1 (848) 541-3694,"875 Amherst Street, Fairview, North Dakota, 7690","Nisi ut ipsum esse sunt aute aute Lorem dolor labore labore pariatur. Ex et qui qui nostrud ut enim dolor. Occaecat eu duis eu enim et dolore sunt tempor do irure anim mollit. Aliqua culpa excepteur Lorem ea ea laboris.
",26/07/2017 03.00.43,67.700054,98.590495,"Hello, Suzanne Barry! You have 1 unread messages.",apple
5b5f3bd3c634c2a66c4add1b,54,2ef3dd-3b0e-4e15-b3fd-010c5af403b,True,"$1,179.71",http://placehold.it/32x32,38,blue,Melba Mccullough,female,FUTURITY,melbamccullough@futurity.com,+1 (903) 533-3380,"485 Pilling Street, Brantleyville, California, 393","Incididunt sit proident ex non commodo minim voluptate velit nostrud cupidatat fugiat in culpa. Ex dolore nisi exercitation non. Quis amet esse Lorem elit cillum. Sint velit ipsum do magna officia cillum laborum aliqua aliqua sit pariatur ullamco sit do. Commodo aliquip nisi incididunt eu et eiusmod velit adipisicing. Laborum consequat sit labore qui quis velit amet elit quis tempor eiusmod aliqua.
",12/07/2015 01.08.53,60.973312,-1.290214,"Hello, Melba Mccullough! You have 4 unread messages.",apple
5b5f3bd39ee43cec6416873a,55,63489652-1cd3-4c8-be19-d805e50f94b,False,"$1,943.13",http://placehold.it/32x32,37,blue,Tonia Moran,female,SLAX,toniamoran@slax.com,+1 (902) 431-2447,"489 Kimball Street, Taft, Arizona, 3816","Veniam velit qui et aliqua fugiat. Aliqua sint nulla dolore labore cupidatat non aute ullamco laboris. Nulla aliqua nostrud magna proident officia est commodo proident adipisicing in irure sint dolore est.
",30/05/2015 03.44.18,75.31688,158.738089,"Hello, Tonia Moran! You have 6 unread messages.",banana
5b5f3bd3e2008817ace8dcf9,56,bae89486-6049-44b2-a298-63bda6251,False,"$3,894.32",http://placehold.it/32x32,30,brown,Shannon Long,female,REMOTION,shannonlong@remotion.com,+1 (958) 450-3336,"543 Rodney Street, Lynn, New Jersey, 3274","Laboris est velit laborum proident minim ad id consectetur tempor cupidatat. Aliquip voluptate fugiat nulla consectetur consectetur occaecat ad magna dolore occaecat et elit. Eiusmod elit nulla mollit sunt nisi occaecat adipisicing ipsum dolore enim eiusmod consequat pariatur. Sit excepteur aliqua id dolor eu pariatur deserunt tempor voluptate pariatur. Exercitation do dolore labore exercitation fugiat laboris laborum anim mollit eiusmod eu dolor. Exercitation amet deserunt cillum aliqua aliquip. Cillum sint fugiat nisi enim occaecat non enim do qui sint irure.
",08/11/2016 06.03.58,-63.842403,-66.672643,"Hello, Shannon Long! You have 10 unread messages.",banana
5b5f3bd3a9047b918a176bab,57,1b9a692-02bb-4604-9e6d-620b956dc4a0,True,"$2,296.39",http://placehold.it/32x32,31,brown,Espinoza Carroll,male,GRACKER,espinozacarroll@gracker.com,+1 (832) 557-2105,"815 Juliana Place, Como, Montana, 1275","Laboris non et incididunt incididunt ad velit officia cupidatat dolor cillum adipisicing tempor fugiat laboris. Elit laboris quis in aute anim labore Lorem sit. Ea consectetur et proident elit dolor ea. Incididunt dolor id aliqua officia incididunt quis laborum quis consequat eu proident veniam. Sunt nulla ullamco aute officia ex est sit.
",13/11/2017 05.57.36,-2.45542,144.333459,"Hello, Espinoza Carroll! You have 3 unread messages.",strawberry
5b5f3bd381a0f5edd7926423,58,b8d5a1-16-4bd2-8e44-bdf43459f310,True,"$1,219.07",http://placehold.it/32x32,22,brown,Rios Cunningham,male,ZYPLE,rioscunningham@zyple.com,+1 (800) 518-3571,"346 Conover Street, Kaka, Nevada, 7489","Excepteur nostrud nisi excepteur consectetur excepteur veniam deserunt elit. Qui pariatur sint voluptate consectetur Lorem non nostrud id labore aliqua ut culpa sit. Nulla occaecat velit ea ipsum.
",14/07/2015 11.11.07,34.176526,-116.059873,"Hello, Rios Cunningham! You have 1 unread messages.",strawberry
5b5f3bd382293502efe76bd8,59,4df10c98-328d-41ca-a496-945854321bf,True,"$1,646.32",http://placehold.it/32x32,40,brown,Sampson Pennington,male,SENMEI,sampsonpennington@senmei.com,+1 (922) 405-3609,"424 Vandalia Avenue, Interlochen, Palau, 1230","Veniam excepteur voluptate deserunt officia ex cillum consectetur magna ad enim nulla. Nostrud irure enim ex aliqua ad exercitation fugiat cupidatat dolore laborum duis veniam nulla id. Elit dolor sit quis incididunt. Dolore dolore deserunt minim magna est nulla duis. Irure nulla proident sit adipisicing eiusmod sit pariatur. Aliquip sunt ea enim nisi irure occaecat do do minim et tempor. Incididunt ex irure exercitation enim esse eiusmod aliquip dolore quis do dolore velit.
",20/10/2017 06.19.56,-20.356846,-118.028694,"Hello, Sampson Pennington! You have 1 unread messages.",banana
5b5f3bd3e56c7b1e00fafc21,60,2fffb9e5-63dd-441-bf29-ec48e3c00995,True,"$2,442.85",http://placehold.it/32x32,23,brown,Loretta Chan,female,COMTEST,lorettachan@comtest.com,+1 (861) 593-2286,"308 Elm Avenue, Matheny, Hawaii, 8485","Laboris sit fugiat consequat cupidatat anim et exercitation enim id enim amet consectetur deserunt. Eiusmod laborum velit magna in cupidatat duis eiusmod anim. Ex consectetur sint non proident excepteur proident cupidatat tempor. Est mollit fugiat ut nisi laboris irure id est non sunt Lorem ut exercitation. Sint et reprehenderit irure irure amet deserunt ea ad voluptate officia anim. Elit sint sit minim exercitation. Laboris dolor ea elit esse.
",04/09/2017 01.12.07,-56.352619,-53.71428,"Hello, Loretta Chan! You have 4 unread messages.",banana
5b5f3bd32329b35e2ac421ad,61,62afc4b-af8f-4aa3-9a02-e1242d1c2463,True,"$1,879.97",http://placehold.it/32x32,29,green,Blanche Howe,female,RODEMCO,blanchehowe@rodemco.com,+1 (969) 564-2213,"168 Manhattan Avenue, Cavalero, Oklahoma, 2433","Ipsum nostrud elit proident aute Lorem aliqua ex proident. Sunt quis pariatur eiusmod ipsum in ex culpa dolore duis eu labore reprehenderit veniam. Ex sint aute excepteur ea adipisicing pariatur sit irure eiusmod nulla cillum exercitation. Dolor ut ipsum incididunt ipsum mollit commodo dolore cillum eu laborum cillum ut proident enim. Aute qui in irure nostrud magna magna elit sit ipsum duis. Sint eu aliqua cillum sit qui sunt dolor dolor enim occaecat mollit qui sunt velit. Ut nulla tempor consectetur commodo.
",10/04/2017 01.04.28,-7.222818,177.109225,"Hello, Blanche Howe! You have 3 unread messages.",strawberry
5b5f3bd30ab07c9195b10032,62,ba48d356-19ff-443-bfe-62eb6d2ca362,False,"$2,570.84",http://placehold.it/32x32,36,blue,Reynolds Estes,male,SCENTY,reynoldsestes@scenty.com,+1 (850) 446-3835,"371 Catherine Street, Kula, New Hampshire, 3006","Magna et pariatur sunt nisi sit officia. In non dolore laboris labore sit laboris. Id occaecat nisi quis tempor proident aliquip sunt. Aute consectetur sint officia ex occaecat duis.
",10/02/2016 12.24.24,66.107869,109.716328,"Hello, Reynolds Estes! You have 9 unread messages.",banana
5b5f3bd3aab3b9ad243948dd,63,64d85f0c-1d80-4acf-8882-8db8eee200,False,"$2,904.31",http://placehold.it/32x32,33,brown,Rosario Delgado,female,RUBADUB,rosariodelgado@rubadub.com,+1 (918) 461-2487,"812 Oak Street, Yorklyn, Washington, 3676","Aliquip ex minim velit eu ullamco mollit eu incididunt veniam. Duis nostrud dolor adipisicing dolor. Ea sit pariatur nostrud non eu dolore eiusmod adipisicing esse sunt magna officia nostrud mollit.
",13/09/2015 11.42.35,-82.841657,-78.791107,"Hello, Rosario Delgado! You have 3 unread messages.",apple
5b5f3bd319fa91a80ae642cf,64,96efbbd8-3fd1-4f20-91d6-6e26a1168dcf,True,"$3,892.11",http://placehold.it/32x32,25,brown,Trudy Sheppard,female,SOPRANO,trudysheppard@soprano.com,+1 (909) 559-3915,"477 Willoughby Avenue, Why, Mississippi, 3906","Eu minim commodo sint cupidatat sunt mollit irure id eu cupidatat veniam ut nulla. Excepteur id enim reprehenderit officia eiusmod incididunt amet. Magna mollit elit voluptate officia fugiat minim deserunt amet in qui do in ut. Nisi laboris ut culpa voluptate tempor eu tempor nisi. Lorem tempor non ea proident aliqua dolor nisi.
",24/12/2017 03.14.11,-69.784311,164.733365,"Hello, Trudy Sheppard! You have 4 unread messages.",apple
5b5f3bd30d87532762e65851,65,4aa3d49-f18-4f2b-8c88-820643d0f635,True,"$2,669.83",http://placehold.it/32x32,37,blue,Graves Fisher,male,INCUBUS,gravesfisher@incubus.com,+1 (942) 508-3516,"881 Caton Avenue, Lookingglass, Delaware, 1866","Eiusmod cillum qui elit proident nostrud sunt ullamco magna sit ad do dolore. Occaecat sit deserunt laboris laboris ipsum eu culpa aliqua sit laborum nostrud mollit. Cillum est laborum tempor culpa sunt irure pariatur eiusmod laboris. Reprehenderit nulla nulla et in cillum dolore dolor labore dolore. Anim amet excepteur eiusmod voluptate dolor deserunt in.
",02/09/2015 09.08.00,-3.015075,-145.275451,"Hello, Graves Fisher! You have 2 unread messages.",strawberry
5b5f3bd310f2decb8143bb25,66,8ffa3225-cdba-490-93fa-8604a65136f,False,"$2,571.49",http://placehold.it/32x32,31,brown,Sylvia Bass,female,NURALI,sylviabass@nurali.com,+1 (966) 531-2550,"850 Lafayette Walk, Montura, Puerto Rico, 7135","Ad elit enim eiusmod nulla irure labore excepteur occaecat irure voluptate ipsum aliquip ipsum. Enim qui sit ad mollit elit ea nostrud incididunt minim ipsum. Sunt sunt quis eiusmod cupidatat irure et laborum do dolor qui. Dolor dolor labore sunt velit pariatur occaecat consequat. Pariatur cillum incididunt sunt proident aliqua sint non et. Nisi ad adipisicing incididunt laborum sunt nulla.
",21/02/2017 05.27.57,58.165726,-79.110146,"Hello, Sylvia Bass! You have 3 unread messages.",strawberry
5b5f3bd39e719edf9a73962c,67,ce518944-6af3-4c19-8128-54b0161343e,False,"$1,891.24",http://placehold.it/32x32,28,green,Deborah Avila,female,BULLJUICE,deborahavila@bulljuice.com,+1 (976) 525-3906,"113 Beayer Place, Harrison, North Carolina, 7544","Labore ex ipsum aute laboris. Et aliqua eiusmod quis consectetur. Eiusmod elit anim sunt velit dolor nulla consequat eu enim ex duis qui nisi. Enim laboris anim exercitation culpa ullamco aute aliqua velit dolor sunt do ut id nulla. Labore quis laborum cupidatat ex esse nisi exercitation enim consectetur non do minim enim consequat. Dolor reprehenderit in et esse id nostrud.
",21/10/2017 07.04.34,39.158974,-63.464112,"Hello, Deborah Avila! You have 9 unread messages.",banana
5b5f3bd31819e21e30184326,68,8650da5d-6c8f-4351-b0c9-2d4a92ca84e2,True,"$2,580.70",http://placehold.it/32x32,24,green,Cannon Marsh,male,ANIMALIA,cannonmarsh@animalia.com,+1 (841) 478-3082,"505 Stone Avenue, Ryderwood, Guam, 5252","Laboris laboris cupidatat commodo eiusmod nostrud velit ea cillum aliquip ex. Magna sunt cupidatat nisi quis consectetur culpa deserunt id proident. Nulla fugiat consequat amet eiusmod ut minim culpa.
",30/06/2016 05.16.57,-45.586331,116.84477,"Hello, Cannon Marsh! You have 2 unread messages.",strawberry
5b5f3bd362bf4b7bed5d46d8,69,8904d60-ab52-43cb-b62-68e45b05f59,True,"$2,654.99",http://placehold.it/32x32,40,blue,Blackburn Smith,male,ARTIQ,blackburnsmith@artiq.com,+1 (846) 508-2791,"574 Clifford Place, Carrsville, Wisconsin, 8188","Eu laboris anim irure culpa velit mollit ullamco elit et sint ad ea occaecat laborum. Incididunt laboris esse laboris enim et. Velit ullamco non ipsum aliquip officia anim consequat non. Elit sit irure nostrud qui. Laboris voluptate proident pariatur dolor. Tempor cupidatat incididunt pariatur ad sint nisi nulla mollit anim voluptate. Nostrud consectetur fugiat est officia labore cillum officia.
",09/05/2016 10.53.58,-82.608909,103.821753,"Hello, Blackburn Smith! You have 8 unread messages.",strawberry
5b5f3bd369b36500574791fd,70,36ec10a-dc5d-4950-a9e9-6ed5a38f0d,True,"$1,924.54",http://placehold.it/32x32,29,green,Liliana Barton,female,BRISTO,lilianabarton@bristo.com,+1 (898) 577-2827,"751 Grimes Road, Manchester, Indiana, 2542","Id quis et et aliquip veniam quis ipsum sint quis voluptate adipisicing consectetur magna eu. Aliquip ut excepteur ad officia enim aliqua cillum. Tempor veniam enim irure ipsum. Consequat eu magna incididunt adipisicing ex sit culpa aliquip.
",27/05/2015 11.39.30,33.258136,67.751024,"Hello, Liliana Barton! You have 1 unread messages.",strawberry
5b5f3bd3d2a0df3197f2bb46,71,1dca99cb-6b38-4989-9f1-3488cbad42fd,True,"$3,158.69",http://placehold.it/32x32,30,green,Clayton Wynn,male,ONTAGENE,claytonwynn@ontagene.com,+1 (962) 527-2183,"603 Newkirk Placez, Harrodsburg, Vermont, 7782","Elit voluptate laborum consectetur in cillum nostrud anim consectetur anim. Est do laborum aute culpa. Incididunt anim deserunt proident nisi non. Labore nulla proident qui ex officia elit quis pariatur cupidatat. Deserunt aute in ipsum reprehenderit labore.
",15/06/2016 05.17.47,43.424963,-147.518585,"Hello, Clayton Wynn! You have 4 unread messages.",apple
5b5f3bd3e42f5998e941b2b7,72,03b8aac-466d-434c-b12a-ff046fc60,True,"$3,739.81",http://placehold.it/32x32,20,green,Shelley Garrett,female,MAGMINA,shelleygarrett@magmina.com,+1 (860) 495-2204,"873 Arlington Avenue, Idamay, Texas, 3736","Fugiat dolor culpa eiusmod nulla occaecat est. Adipisicing commodo fugiat exercitation excepteur deserunt eiusmod incididunt do duis ex culpa ullamco deserunt. In nisi incididunt ut veniam adipisicing pariatur laborum dolor quis non.
",14/07/2014 01.26.56,-46.091191,110.866548,"Hello, Shelley Garrett! You have 8 unread messages.",apple
5b5f3bd36a82364851ab22b4,73,9fcd36f-2cea-40b-982-4e2c53925209,False,"$1,911.83",http://placehold.it/32x32,40,green,Carrie Huber,female,IMPERIUM,carriehuber@imperium.com,+1 (827) 405-3677,"740 Johnson Avenue, Efland, Alabama, 5659","Sunt sit proident minim enim in Lorem ipsum amet nostrud amet. Eu sit irure commodo deserunt consectetur non enim velit. Anim esse culpa dolor irure culpa consequat duis labore officia. Esse magna velit officia incididunt. Dolore consectetur deserunt tempor magna.
",15/01/2018 08.33.33,-1.969328,150.869219,"Hello, Carrie Huber! You have 7 unread messages.",strawberry
5b5f3bd3c2d5c9c033ab4b21,74,d0df691-1800-4a5e-999d-f8faaf4082c,False,"$3,268.27",http://placehold.it/32x32,23,brown,Randall White,male,APEXTRI,randallwhite@apextri.com,+1 (830) 574-3484,"988 Meadow Street, Lowgap, Louisiana, 7955","Ea ut ex mollit consectetur non qui anim proident irure commodo elit. Cupidatat laboris commodo excepteur labore sit quis anim nostrud ea. Velit voluptate ipsum esse sint tempor sunt commodo pariatur. Ullamco nostrud exercitation commodo qui magna aliquip enim dolore consectetur. Fugiat amet ea ex duis officia sint culpa.
",27/09/2017 12.39.45,-0.279037,51.313963,"Hello, Randall White! You have 2 unread messages.",strawberry
5b5f3bd3e903bfba431cb20a,75,086ffab-b002-4d0a-898f-a4e5193f4f,True,"$1,861.55",http://placehold.it/32x32,23,blue,Cecile Mccormick,female,ELENTRIX,cecilemccormick@elentrix.com,+1 (899) 442-2918,"801 Erskine Loop, Loyalhanna, Virgin Islands, 3837","Ipsum esse ad esse nisi veniam consectetur tempor consectetur cupidatat excepteur. Eiusmod occaecat culpa culpa aliqua cupidatat pariatur. Irure id voluptate dolore esse proident ullamco quis amet nostrud sit. Reprehenderit commodo qui nisi ad cupidatat id non exercitation tempor laboris officia.
",13/04/2015 01.53.06,-36.206784,-108.681085,"Hello, Cecile Mccormick! You have 9 unread messages.",banana
5b5f3bd38a0ee1ba8dd04b28,76,85b4bdc1-3065-438f-a938-e944e3d6d53,False,"$1,031.46",http://placehold.it/32x32,39,brown,Enid Neal,female,QUILCH,enidneal@quilch.com,+1 (983) 557-3499,"317 Kensington Street, Elfrida, Missouri, 6455","Enim sunt sint est fugiat amet officia ea excepteur velit nulla ipsum ullamco aliqua duis. Laborum labore officia magna sit proident laborum minim deserunt ex eiusmod cupidatat incididunt. Voluptate sint proident sunt irure mollit ea magna labore commodo veniam Lorem sit. Excepteur occaecat in dolore pariatur laboris magna et aliqua non nisi fugiat. Magna aute veniam commodo fugiat id quis laboris exercitation irure ipsum qui dolor qui occaecat.
",27/07/2018 11.19.44,-76.472914,173.074777,"Hello, Enid Neal! You have 8 unread messages.",apple
5b5f3bd30065555e2ab0e9b4,77,8e2482e4-8d19-4e62-8300-6c1df8dcd69,False,"$3,518.44",http://placehold.it/32x32,40,green,Tyson Hewitt,male,INTERFIND,tysonhewitt@interfind.com,+1 (963) 527-2573,"336 Louis Place, Bourg, Rhode Island, 1814","Lorem est ex ex laboris ullamco in enim. Do laboris occaecat incididunt fugiat sint Lorem consequat et sit sint esse. Enim minim aute cillum eu ex duis dolor deserunt sit sunt.
",22/05/2017 02.27.28,-5.184094,33.272672,"Hello, Tyson Hewitt! You have 8 unread messages.",banana
5b5f3bd32be983377b76f413,78,46a535f-9002-4db4-b8fa-52b0bcdab50d,True,"$2,168.86",http://placehold.it/32x32,35,green,Mindy Mann,female,DELPHIDE,mindymann@delphide.com,+1 (819) 501-2239,"407 Willoughby Street, Lafferty, Pennsylvania, 5393","Laboris ad qui ea pariatur nisi. Aliqua est ea eu irure proident. Exercitation duis excepteur elit reprehenderit voluptate exercitation anim tempor ut anim exercitation minim. Cillum id et laboris aliqua aliqua ipsum anim.
",07/05/2016 11.39.38,61.543014,114.573734,"Hello, Mindy Mann! You have 4 unread messages.",apple
5b5f3bd3070da8564811df9f,79,d14b059d-c23-4886-9ed2-b9e323031ce,True,"$2,049.97",http://placehold.it/32x32,32,blue,Wilma Massey,female,EZENT,wilmamassey@ezent.com,+1 (988) 443-2907,"599 Rutherford Place, Tyhee, Connecticut, 1104","Est ullamco nostrud eu reprehenderit cillum aliqua minim aliquip enim sint cupidatat aute. Lorem commodo commodo esse occaecat voluptate in. Pariatur ea irure dolor amet occaecat et veniam non aliqua sunt culpa consequat. Eiusmod magna incididunt qui occaecat. Nisi enim exercitation sit veniam. Dolor occaecat consequat veniam consequat velit tempor.
",03/02/2017 01.04.35,-87.198346,-29.394466,"Hello, Wilma Massey! You have 9 unread messages.",apple
5b5f3bd3e46cbfd6fb50dad4,80,4a909b15-c5e-4f9c-8a21-cbb8f0d82e99,False,"$3,280.66",http://placehold.it/32x32,40,brown,Lucinda Fitzpatrick,female,MANUFACT,lucindafitzpatrick@manufact.com,+1 (919) 599-2286,"295 Village Court, Orovada, Illinois, 2361","Nulla est nulla et veniam cupidatat officia proident excepteur in nisi. Velit amet et velit dolore. Do eiusmod labore nostrud fugiat minim ad non aute reprehenderit consequat nostrud labore velit sint. Nisi tempor velit labore duis ea culpa proident dolore et excepteur id mollit. In amet amet deserunt excepteur minim ad labore. Sunt duis anim anim ut fugiat quis mollit. Aliqua proident ullamco in enim duis cupidatat sint id.
",08/01/2016 09.37.22,-14.983695,-75.668737,"Hello, Lucinda Fitzpatrick! You have 2 unread messages.",apple
5b5f3bd36df5aa33a8085a43,81,b69fda-db3-402-a382-d5fcf689842d,True,"$3,236.73",http://placehold.it/32x32,26,blue,Gregory Sharp,male,FURNITECH,gregorysharp@furnitech.com,+1 (814) 479-3552,"558 Merit Court, Bedias, Federated States Of Micronesia, 6790","Id nulla excepteur culpa pariatur sint sit officia eiusmod elit eu velit nulla sunt exercitation. Officia Lorem laborum ut magna irure. Laborum laboris sint excepteur irure esse sint Lorem officia. Sint id ipsum aliquip dolor deserunt do. Voluptate ipsum exercitation nostrud ex elit aliqua ex eu.
",06/11/2014 09.02.31,48.919354,3.039524,"Hello, Gregory Sharp! You have 7 unread messages.",banana
5b5f3bd3272498e2810754c3,82,093011e-26e-4238-8f04-23b8809453fd,True,"$1,262.42",http://placehold.it/32x32,31,green,Lauren Blair,female,AMTAP,laurenblair@amtap.com,+1 (855) 538-3078,"326 Taaffe Place, Frierson, Wyoming, 479","Ut proident cupidatat dolore sunt sint ex aute elit velit. Irure ipsum deserunt incididunt cillum qui officia reprehenderit magna eiusmod commodo culpa nulla. Sunt proident tempor est nostrud veniam consectetur voluptate cupidatat. Duis est magna voluptate Lorem ea ex ad. Labore eiusmod voluptate esse do. Consectetur voluptate excepteur magna mollit in elit qui incididunt. Ad id ullamco esse exercitation cillum ipsum quis duis occaecat fugiat labore aliqua ipsum veniam.
",12/04/2014 06.45.41,88.785503,65.23783,"Hello, Lauren Blair! You have 4 unread messages.",apple
5b5f3bd3f688b75870c084e3,83,048a80-8ff8-4b4-8ea5-eeefa2f094f,True,"$3,203.42",http://placehold.it/32x32,31,green,Cindy Carson,female,TERRAGO,cindycarson@terrago.com,+1 (989) 443-3803,"705 Garfield Place, Wyoming, Kentucky, 6095","Aliquip et duis commodo sit nostrud deserunt. Eiusmod dolore officia amet fugiat. Magna excepteur fugiat occaecat occaecat fugiat. Aute mollit ipsum cupidatat voluptate enim adipisicing.
",22/06/2014 12.32.38,87.890366,72.014527,"Hello, Cindy Carson! You have 4 unread messages.",strawberry
5b5f3bd3b9abe1384c240d35,84,9d664f80-0ef-4044-94f9-c141c019e220,False,"$2,820.42",http://placehold.it/32x32,29,brown,Foley Moon,male,MEDICROIX,foleymoon@medicroix.com,+1 (801) 459-2618,"379 Dahill Road, Bainbridge, Nebraska, 7332","Esse adipisicing irure esse consectetur et mollit. Id irure non ullamco consectetur consequat ipsum sunt sit mollit consectetur qui. Amet laboris quis do voluptate excepteur laboris.
",10/01/2018 03.24.31,83.247187,-51.390596,"Hello, Foley Moon! You have 3 unread messages.",strawberry
5b5f3bd32e330f2fb5674440,85,c2ec55fe-b822-4efb-969f-65fceeef423e,True,"$3,303.39",http://placehold.it/32x32,21,green,Salas Wyatt,male,BEDDER,salaswyatt@bedder.com,+1 (945) 511-3063,"853 Glen Street, Gilgo, Tennessee, 7259","Eiusmod dolor nulla sit nisi cupidatat mollit minim Lorem enim. Quis quis nulla eiusmod ipsum elit eiusmod do. Quis incididunt do laborum occaecat id elit esse labore. Eu aliquip occaecat incididunt laboris cillum nisi. Nulla veniam consectetur qui excepteur occaecat sint velit voluptate minim sit sit elit.
",21/05/2017 11.43.07,-1.547394,-11.031078,"Hello, Salas Wyatt! You have 8 unread messages.",strawberry
5b5f3bd3f37be15e04670cf7,86,15fa448-bdd9-4419-9c69-5b2836041dd,False,"$1,750.98",http://placehold.it/32x32,28,brown,Dunlap Walton,male,WEBIOTIC,dunlapwalton@webiotic.com,+1 (982) 516-3771,"712 Dahlgreen Place, Kiskimere, Kansas, 2507","Qui reprehenderit proident veniam non culpa incididunt nostrud quis elit. Laborum proident eu consectetur Lorem pariatur aliqua irure qui fugiat deserunt ullamco. Et aute exercitation deserunt aliquip in pariatur. Voluptate duis mollit veniam ex ad qui proident commodo consequat non incididunt aliqua.
",25/08/2016 08.58.59,49.78754,-169.01967,"Hello, Dunlap Walton! You have 8 unread messages.",strawberry
5b5f3bd32601f5c9e3e5d773,87,bc1c4f8-e40-4653-91a6-acd4f36b59df,True,"$2,786.36",http://placehold.it/32x32,30,brown,Victoria Wallace,female,PORTALINE,victoriawallace@portaline.com,+1 (954) 429-3131,"846 Montieth Street, Farmers, Virginia, 7817","Exercitation irure cupidatat ex anim. Dolore sint dolore excepteur incididunt. Magna consequat sit minim eu consectetur ullamco amet amet ea irure.
",05/01/2017 06.46.18,81.55057,125.371711,"Hello, Victoria Wallace! You have 5 unread messages.",strawberry
5b5f3bd3e6976d9897fe01f4,88,fa324cd5-dcd2-45ce-a4ab-bd392db82aa1,False,"$2,949.67",http://placehold.it/32x32,24,blue,Nettie Cortez,female,GEOLOGIX,nettiecortez@geologix.com,+1 (840) 415-2896,"169 Stockholm Street, Calpine, New York, 8773","Incididunt adipisicing dolore commodo fugiat ut ea. Officia officia est fugiat aliqua deserunt ipsum officia do labore laboris est aliquip. Velit ad incididunt consectetur enim cupidatat sunt exercitation minim commodo culpa reprehenderit. Id reprehenderit incididunt nulla enim consectetur ad ad incididunt velit culpa nostrud. Amet consectetur deserunt laborum proident sunt sit consectetur pariatur enim duis ad dolore aliquip.
",05/12/2016 04.03.02,19.885901,12.760695,"Hello, Nettie Cortez! You have 10 unread messages.",banana
5b5f3bd3dc27247f58e4bf21,89,2d0af3-0a0-4cd-83a3-586b5c1350c,True,"$3,207.52",http://placehold.it/32x32,31,green,Darcy Whitley,female,LOTRON,darcywhitley@lotron.com,+1 (914) 494-3527,"153 Saratoga Avenue, Valle, South Carolina, 3704","Consectetur Lorem proident deserunt occaecat. Incididunt laborum ut labore velit ipsum minim. Deserunt incididunt voluptate incididunt cillum aliquip proident consequat. Occaecat sint est proident elit labore aute laboris irure aliquip mollit culpa. Qui nisi aliquip enim anim in reprehenderit. Cupidatat ea culpa nisi dolor nostrud consequat qui exercitation ullamco sit consequat irure.
",09/12/2015 07.34.37,-18.431947,-30.895764,"Hello, Darcy Whitley! You have 1 unread messages.",apple
5b5f3bd3948311a63d9cb590,90,153b96fa-196d-4ee-886f-04096d2cc4,False,"$2,156.94",http://placehold.it/32x32,37,blue,White Hopkins,male,EQUITAX,whitehopkins@equitax.com,+1 (993) 557-2590,"774 Furman Avenue, Belleview, New Mexico, 2647","Eu proident aliqua irure Lorem cupidatat id veniam est. Ipsum eiusmod commodo tempor magna esse enim tempor aliquip dolore. Enim exercitation do ex deserunt laborum aliqua. Labore sint reprehenderit qui minim ex ullamco qui. Adipisicing consequat enim esse duis ullamco ipsum nostrud et exercitation enim sunt est ut. Non Lorem minim dolore enim officia.
",23/12/2017 03.42.03,-17.00186,-81.384122,"Hello, White Hopkins! You have 2 unread messages.",strawberry
5b5f3bd31228f25ccb1ea627,91,02e3416-6366-4f31-8f1c-6b82a359a,True,"$1,482.57",http://placehold.it/32x32,27,blue,Landry Ortiz,male,RECRISYS,landryortiz@recrisys.com,+1 (800) 459-3903,"358 Gem Street, Olney, Florida, 6555","Qui ex occaecat excepteur pariatur Lorem sit cupidatat. Voluptate adipisicing officia tempor dolore et culpa Lorem et in aliqua sint consequat culpa enim. Excepteur laboris amet laborum sint Lorem consectetur nulla anim elit ad est aliqua anim sit. Elit ullamco mollit incididunt eu incididunt Lorem Lorem amet excepteur tempor pariatur occaecat. Elit incididunt dolor esse nisi voluptate. Ullamco minim non id ea Lorem sunt eiusmod sint aliquip sit enim ex elit. Dolore mollit est eiusmod minim dolore aliqua pariatur ipsum nostrud proident aliqua deserunt aliquip id.
",12/03/2016 06.55.17,2.914272,174.19447,"Hello, Landry Ortiz! You have 6 unread messages.",banana
5b5f3bd3118e9630b9a5191e,92,824ae43b-8a1b-4b9e-b90c-fc2df2144dd,True,"$1,380.87",http://placehold.it/32x32,27,green,Stuart Conley,male,VITRICOMP,stuartconley@vitricomp.com,+1 (865) 538-3377,"779 Chestnut Street, Tecolotito, Minnesota, 2779","Elit sit enim sunt irure Lorem sunt consequat incididunt labore duis sunt ad deserunt id. Id enim elit exercitation consectetur ad exercitation ut. Fugiat mollit dolore dolore cupidatat enim cillum velit. Non veniam et enim est veniam elit. Consectetur aute eu minim Lorem voluptate consequat ut eu nostrud magna ut. Qui tempor occaecat aliqua enim ea consequat magna consectetur aliquip laboris sit. Lorem voluptate minim qui sunt pariatur irure.
",11/06/2016 02.08.45,-56.95844,-163.727151,"Hello, Stuart Conley! You have 1 unread messages.",banana
5b5f3bd3aade3034081ce9f1,93,ffc53b19-399b-4098-8de1-4634028bc51,True,"$2,755.27",http://placehold.it/32x32,34,blue,Parrish Nichols,male,FUTURIZE,parrishnichols@futurize.com,+1 (817) 500-3153,"742 Victor Road, Graniteville, Maryland, 7069","Aliqua velit mollit et duis consectetur pariatur nisi anim qui minim proident deserunt. Occaecat Lorem incididunt culpa quis officia voluptate esse nisi veniam excepteur cupidatat in. Fugiat sit amet proident nostrud eiusmod reprehenderit cupidatat ullamco dolor adipisicing minim deserunt. Ut velit anim est reprehenderit irure ea consequat.
",20/07/2018 04.19.40,-60.641447,11.204623,"Hello, Parrish Nichols! You have 3 unread messages.",apple
5b5f3bd357b413bb8171bbd7,94,a984f6e3-fd2-4a6e-93cd-26d843265dc6,True,"$1,441.82",http://placehold.it/32x32,34,brown,Mcclure Hinton,male,FREAKIN,mcclurehinton@freakin.com,+1 (887) 452-3128,"244 Doone Court, Cornucopia, Maine, 9126","Reprehenderit deserunt qui excepteur ad aute laboris. Sint adipisicing veniam aute magna. Proident dolor qui sint sunt labore culpa ea commodo sit. Aliqua quis cillum ad occaecat cillum. Veniam ullamco ad veniam ex aliquip. Culpa quis do ullamco fugiat. Excepteur ex excepteur et veniam est nulla ipsum ut sit veniam.
",13/09/2017 02.51.56,14.378734,-124.541248,"Hello, Mcclure Hinton! You have 3 unread messages.",strawberry
5b5f3bd33249061a96389f67,95,31d04a8d-f2c1-444d-a3cc-1b26235f6186,True,"$1,079.61",http://placehold.it/32x32,20,brown,Underwood Gross,male,TROPOLI,underwoodgross@tropoli.com,+1 (941) 555-3640,"395 Vanderbilt Street, Hachita, Massachusetts, 1850","Nisi aliqua laborum ipsum consequat laborum esse veniam cillum laborum ea tempor qui. Ut dolore aliquip et quis reprehenderit quis ullamco sit labore est mollit et aliqua ullamco. Occaecat amet eiusmod cillum mollit excepteur. Labore culpa fugiat nostrud do enim veniam duis magna. Excepteur proident laborum quis sunt minim. Dolor quis mollit cupidatat occaecat minim Lorem. Ipsum ad exercitation cillum excepteur ullamco mollit.
",08/03/2017 10.30.03,84.213845,-32.104394,"Hello, Underwood Gross! You have 10 unread messages.",strawberry
5b5f3bd3e8055e1b39912478,96,06142460-69-4068-8f25-4bb33cd6143,False,"$2,368.65",http://placehold.it/32x32,29,blue,Waller Ramsey,male,ORBIFLEX,wallerramsey@orbiflex.com,+1 (878) 527-3538,"271 Doscher Street, Davenport, Northern Mariana Islands, 5967","Consectetur adipisicing ullamco minim irure. Non dolore et dolore officia proident ea ex et in adipisicing nisi aliqua. Amet mollit cillum dolore officia dolore elit est magna. Ut in ipsum labore labore mollit.
",25/07/2014 05.07.36,-29.668128,-77.728975,"Hello, Waller Ramsey! You have 3 unread messages.",banana
5b5f3bd372f86c4f92326a4a,97,d595580-b088-4242-bfd8-8219128b182c,True,"$2,679.41",http://placehold.it/32x32,39,green,Vasquez Orr,male,SIGNIDYNE,vasquezorr@signidyne.com,+1 (980) 532-3959,"649 Ridgewood Avenue, Websterville, Idaho, 5625","Aute reprehenderit sit duis aliquip sint cupidatat ullamco nostrud esse aliquip sit. Occaecat culpa consectetur aliquip eiusmod tempor ad ad exercitation incididunt non. Fugiat esse amet incididunt quis fugiat ullamco deserunt magna in ut magna ut. Tempor commodo ut irure elit occaecat. Ullamco occaecat et amet occaecat nisi cupidatat reprehenderit commodo incididunt laborum labore officia cillum duis. Consequat sint consectetur laborum voluptate consectetur ea ad quis aute. Labore eiusmod enim culpa cillum sint proident sunt ex.
",05/03/2015 07.11.54,78.238911,21.90904,"Hello, Vasquez Orr! You have 4 unread messages.",strawberry
5b5f3bd3a6deb7ee499b61f6,98,db2b3b6e-c6e2-42aa-ad3c-334bcc82859,True,"$3,766.97",http://placehold.it/32x32,26,green,Gracie Velasquez,female,TROPOLIS,gracievelasquez@tropolis.com,+1 (843) 407-2835,"754 Ide Court, Cazadero, Ohio, 5760","Consequat quis eiusmod ullamco reprehenderit irure laborum esse tempor tempor. Consectetur consectetur quis enim non duis quis dolor. Ullamco eu consequat elit fugiat quis labore ex est quis ex labore excepteur ullamco. Ipsum magna nisi consequat commodo minim ea cupidatat officia nostrud. Ut excepteur cillum Lorem ullamco minim. Est sunt excepteur laborum sint consectetur ex eiusmod esse. Nostrud amet tempor commodo Lorem commodo ex adipisicing fugiat commodo.
",14/03/2015 06.26.15,-59.118588,-56.651983,"Hello, Gracie Velasquez! You have 4 unread messages.",banana
5b5f3bd3500147591b4ad5b5,99,09bbea32-f45d-458b-9b96-f0820cb935,True,"$1,663.19",http://placehold.it/32x32,36,brown,Shanna Sparks,female,PORTICA,shannasparks@portica.com,+1 (970) 466-3628,"433 Seacoast Terrace, Lopezo, South Dakota, 8343","Reprehenderit voluptate consectetur id ex et cupidatat consequat tempor Lorem eiusmod. Mollit aliquip qui ea commodo Lorem dolor deserunt adipisicing dolor cillum nulla ex. Occaecat ut minim elit pariatur nulla occaecat occaecat est laboris incididunt est exercitation in proident. Ex ea ea eu laboris laborum enim consectetur minim deserunt mollit.
",19/06/2016 03.32.09,25.879448,-34.257873,"Hello, Shanna Sparks! You have 1 unread messages.",apple
